node1,node2,label
282,236,1
217,585,1
460,571,1
70,170,1
498,162,1
432,479,1
212,259,1
498,511,1
60,350,1
58,603,1
524,127,1
563,91,1
65,17,1
117,466,1
113,559,1
446,584,1
507,85,1
131,351,1
317,289,1
182,143,1
265,465,1
441,144,1
578,50,1
524,191,1
265,364,1
546,421,1
187,104,1
90,198,1
90,208,1
90,473,1
550,343,1
58,302,1
174,259,1
491,328,1
47,475,1
43,83,1
16,334,1
15,340,1
299,577,1
387,390,1
264,241,1
546,79,1
182,375,1
169,109,1
529,412,1
253,529,1
597,217,1
547,108,1
265,246,1
545,609,1
89,155,1
34,208,1
546,546,1
293,155,1
299,356,1
185,333,1
334,466,1
507,79,1
545,152,1
189,70,1
265,352,1
165,596,1
31,449,1
357,127,1
265,449,1
524,347,1
505,253,1
526,224,1
363,368,1
58,89,1
611,67,1
90,89,1
389,50,1
548,556,1
434,584,1
56,616,1
265,18,1
603,68,1
6,163,1
264,318,1
158,437,1
56,195,1
151,116,1
6,478,1
597,399,1
160,383,1
418,506,1
15,67,1
611,35,1
584,225,1
446,505,1
400,374,1
357,491,1
389,458,1
544,404,1
174,318,1
265,166,1
570,419,1
502,502,1
548,105,1
518,515,1
41,121,1
2,182,1
135,281,1
58,90,1
265,54,1
350,177,1
217,473,1
265,510,1
43,253,1
54,275,1
67,43,1
87,576,1
257,157,1
335,414,1
550,70,1
508,491,1
131,238,1
80,138,1
131,601,1
546,164,1
9,550,1
3,484,1
611,242,1
389,82,1
524,395,1
46,578,1
133,407,1
63,448,1
56,238,1
63,602,1
547,502,1
131,56,1
577,217,1
389,321,1
245,291,1
446,208,1
31,357,1
604,378,1
498,64,1
616,239,1
408,599,1
288,70,1
67,338,1
526,235,1
217,580,1
107,67,1
224,376,1
334,613,1
432,389,1
123,347,1
269,72,1
611,615,1
340,581,1
41,109,1
185,432,1
128,373,1
494,332,1
70,116,1
151,131,1
518,63,1
67,46,1
357,164,1
441,329,1
352,317,1
155,136,1
265,140,1
555,459,1
265,576,1
49,71,1
397,600,1
374,311,1
265,238,1
536,136,1
242,68,1
559,192,1
31,142,1
377,240,1
276,598,1
544,135,1
374,441,1
460,582,1
11,485,1
443,590,1
265,111,1
131,505,1
446,229,1
340,50,1
389,350,1
289,50,1
258,224,1
536,116,1
518,487,1
507,164,1
558,116,1
488,313,1
323,610,1
9,289,1
265,245,1
230,591,1
222,365,1
253,563,1
491,123,1
182,166,1
35,338,1
9,67,1
90,238,1
398,598,1
253,225,1
368,286,1
258,476,1
62,282,1
357,307,1
254,83,1
8,278,1
70,536,1
90,131,1
193,146,1
289,351,1
195,389,1
138,114,1
299,168,1
141,461,1
258,403,1
485,145,1
143,114,1
434,23,1
498,146,1
340,459,1
258,363,1
89,558,1
265,383,1
502,147,1
89,67,1
56,67,1
434,343,1
90,597,1
288,465,1
182,439,1
182,229,1
289,597,1
244,61,1
545,334,1
210,437,1
572,572,1
400,237,1
431,226,1
357,63,1
603,558,1
209,33,1
40,333,1
357,79,1
225,493,1
194,619,1
498,354,1
550,107,1
182,246,1
432,260,1
245,416,1
498,460,1
39,576,1
355,198,1
424,480,1
253,91,1
182,198,1
465,505,1
501,605,1
3,228,1
151,130,1
578,110,1
449,282,1
227,87,1
491,142,1
371,226,1
227,102,1
56,350,1
491,566,1
350,283,1
265,599,1
458,260,1
446,558,1
288,593,1
479,458,1
56,128,1
524,551,1
611,9,1
311,137,1
550,372,1
252,452,1
613,263,1
70,601,1
224,244,1
31,269,1
300,564,1
89,54,1
593,275,1
198,372,1
288,455,1
400,613,1
70,616,1
613,124,1
557,90,1
89,351,1
434,505,1
63,504,1
90,151,1
9,248,1
70,269,1
92,186,1
101,152,1
116,366,1
90,373,1
505,43,1
3,65,1
164,337,1
265,446,1
550,578,1
608,449,1
40,344,1
498,587,1
98,605,1
340,445,1
265,588,1
518,421,1
181,109,1
518,480,1
99,108,1
7,583,1
56,351,1
545,150,1
217,589,1
248,599,1
357,45,1
238,198,1
117,137,1
389,37,1
208,136,1
224,235,1
96,211,1
611,217,1
550,248,1
142,164,1
65,185,1
527,438,1
518,572,1
107,383,1
102,554,1
181,476,1
67,183,1
518,585,1
3,299,1
345,531,1
70,235,1
611,597,1
16,119,1
87,175,1
23,343,1
289,248,1
524,566,1
417,578,1
265,41,1
143,397,1
28,527,1
555,619,1
518,612,1
498,505,1
434,242,1
558,536,1
526,462,1
597,453,1
206,473,1
50,330,1
32,300,1
90,584,1
89,221,1
35,383,1
90,289,1
265,34,1
248,269,1
265,131,1
491,612,1
31,327,1
540,405,1
242,323,1
593,576,1
257,87,1
8,73,1
87,389,1
311,353,1
603,616,1
458,386,1
603,355,1
526,552,1
15,432,1
374,152,1
183,50,1
315,164,1
210,158,1
276,619,1
357,335,1
505,338,1
152,137,1
611,56,1
460,587,1
557,227,1
265,615,1
581,300,1
87,217,1
558,616,1
265,321,1
184,456,1
89,70,1
359,404,1
483,76,1
229,87,1
518,256,1
558,198,1
79,85,1
265,277,1
90,350,1
299,17,1
311,152,1
16,274,1
187,217,1
319,522,1
182,300,1
317,617,1
36,490,1
265,43,1
5,503,1
129,442,1
70,244,1
334,21,1
8,98,1
81,290,1
9,498,1
576,136,1
63,139,1
317,288,1
104,290,1
470,470,1
517,224,1
235,368,1
524,164,1
545,237,1
15,505,1
265,456,1
11,212,1
82,451,1
245,473,1
264,259,1
182,289,1
465,83,1
526,195,1
397,184,1
522,598,1
389,312,1
515,164,1
35,198,1
265,558,1
581,143,1
375,404,1
478,220,1
518,165,1
340,181,1
31,508,1
252,78,1
274,75,1
543,347,1
518,546,1
134,114,1
98,295,1
117,613,1
125,565,1
299,240,1
374,150,1
194,226,1
445,576,1
16,516,1
300,303,1
31,315,1
597,601,1
78,214,1
292,421,1
3,608,1
249,70,1
79,414,1
55,452,1
227,90,1
265,505,1
235,244,1
55,437,1
340,505,1
71,495,1
158,214,1
265,594,1
518,543,1
351,342,1
90,67,1
289,128,1
516,75,1
224,569,1
16,613,1
269,410,1
555,522,1
437,452,1
269,62,1
179,524,1
67,323,1
360,479,1
253,69,1
265,584,1
145,241,1
185,356,1
35,601,1
446,128,1
56,601,1
491,421,1
130,136,1
70,205,1
34,373,1
4,254,1
550,355,1
101,124,1
53,122,1
288,83,1
70,72,1
495,539,1
517,235,1
131,50,1
368,470,1
248,416,1
67,181,1
404,281,1
89,56,1
40,240,1
449,553,1
70,473,1
24,547,1
448,602,1
107,505,1
89,34,1
39,250,1
398,555,1
467,358,1
90,56,1
265,70,1
254,9,1
10,258,1
265,35,1
524,586,1
555,423,1
518,48,1
265,349,1
340,465,1
340,107,1
502,501,1
169,181,1
383,170,1
265,68,1
131,343,1
128,135,1
89,505,1
491,515,1
424,31,1
119,400,1
372,207,1
524,596,1
611,136,1
498,88,1
350,413,1
134,251,1
4,336,1
119,466,1
412,153,1
508,47,1
324,616,1
21,329,1
248,70,1
616,372,1
89,128,1
597,198,1
555,365,1
526,87,1
465,41,1
599,346,1
340,440,1
340,343,1
143,172,1
593,70,1
389,298,1
217,245,1
57,148,1
288,68,1
603,67,1
319,365,1
494,149,1
518,524,1
20,355,1
340,229,1
518,45,1
516,274,1
485,259,1
518,508,1
227,121,1
157,585,1
158,452,1
319,619,1
498,530,1
595,79,1
195,175,1
447,606,1
603,601,1
357,524,1
224,470,1
34,419,1
352,248,1
374,609,1
611,432,1
557,394,1
99,431,1
131,325,1
204,215,1
265,128,1
265,569,1
329,137,1
374,101,1
119,374,1
498,70,1
527,108,1
400,274,1
9,249,1
540,215,1
67,531,1
611,383,1
22,187,1
98,471,1
87,350,1
31,595,1
329,609,1
400,334,1
278,215,1
265,221,1
498,112,1
484,240,1
603,584,1
58,434,1
591,605,1
69,385,1
545,124,1
593,343,1
265,183,1
89,32,1
31,48,1
56,70,1
555,113,1
89,340,1
70,102,1
227,442,1
288,340,1
70,526,1
611,175,1
159,375,1
248,291,1
335,307,1
515,612,1
603,90,1
345,435,1
393,190,1
317,67,1
386,260,1
265,83,1
217,617,1
55,78,1
70,403,1
67,102,1
135,386,1
146,232,1
245,580,1
6,518,1
545,117,1
154,252,1
305,339,1
229,111,1
446,314,1
244,472,1
198,577,1
377,538,1
603,238,1
603,372,1
449,411,1
467,494,1
601,576,1
522,619,1
89,465,1
486,478,1
317,350,1
154,437,1
274,613,1
611,238,1
329,84,1
22,22,1
8,434,1
116,59,1
389,360,1
518,31,1
144,150,1
343,616,1
494,222,1
262,470,1
340,170,1
89,569,1
439,136,1
212,264,1
593,597,1
581,172,1
119,334,1
545,353,1
265,198,1
524,421,1
210,452,1
70,342,1
90,372,1
131,248,1
131,157,1
32,159,1
329,150,1
275,116,1
78,452,1
611,288,1
265,479,1
1,611,1
478,427,1
587,571,1
56,338,1
131,229,1
244,368,1
182,131,1
265,531,1
545,613,1
518,347,1
494,522,1
227,370,1
535,220,1
521,477,1
545,441,1
135,458,1
20,324,1
220,176,1
89,116,1
343,558,1
265,243,1
131,340,1
227,436,1
485,264,1
603,157,1
501,147,1
335,292,1
363,401,1
288,131,1
142,99,1
265,71,1
601,198,1
526,517,1
181,235,1
424,256,1
131,67,1
134,184,1
15,70,1
154,533,1
265,597,1
317,404,1
136,422,1
20,242,1
9,570,1
505,410,1
3,352,1
545,84,1
446,350,1
9,56,1
181,320,1
107,70,1
195,350,1
340,601,1
276,276,1
182,451,1
46,417,1
288,342,1
58,537,1
67,577,1
157,604,1
357,515,1
434,288,1
235,472,1
23,277,1
143,407,1
516,400,1
240,72,1
498,148,1
90,389,1
16,374,1
377,344,1
56,198,1
182,23,1
249,340,1
418,166,1
169,397,1
248,224,1
67,372,1
50,483,1
254,558,1
264,380,1
323,162,1
35,597,1
289,238,1
102,217,1
478,176,1
276,296,1
548,267,1
113,522,1
429,478,1
48,524,1
204,540,1
355,616,1
146,354,1
21,441,1
73,369,1
483,156,1
611,449,1
289,601,1
317,107,1
613,150,1
9,23,1
265,7,1
265,275,1
252,223,1
265,578,1
570,128,1
238,616,1
216,402,1
90,242,1
524,579,1
611,584,1
208,455,1
287,303,1
231,425,1
198,350,1
608,17,1
398,319,1
340,67,1
448,487,1
603,39,1
11,380,1
377,185,1
593,245,1
265,384,1
254,465,1
485,115,1
290,563,1
317,343,1
89,87,1
265,419,1
254,67,1
265,56,1
67,416,1
611,300,1
3,450,1
289,340,1
334,117,1
611,372,1
555,467,1
317,83,1
603,198,1
41,397,1
183,459,1
535,427,1
550,584,1
317,550,1
352,181,1
524,315,1
212,380,1
229,549,1
289,157,1
56,68,1
450,17,1
229,198,1
31,169,1
581,32,1
508,164,1
593,116,1
329,382,1
299,272,1
350,404,1
89,350,1
49,188,1
1,265,1
31,285,1
597,342,1
20,160,1
286,499,1
265,271,1
581,397,1
58,23,1
154,129,1
216,176,1
56,465,1
254,155,1
229,56,1
436,489,1
24,501,1
311,144,1
505,68,1
369,173,1
22,270,1
265,227,1
603,217,1
214,223,1
230,147,1
288,249,1
618,216,1
340,23,1
288,528,1
183,166,1
90,355,1
340,245,1
11,259,1
335,85,1
446,340,1
31,179,1
603,350,1
90,351,1
89,248,1
229,389,1
611,350,1
498,69,1
63,45,1
524,328,1
389,114,1
563,232,1
414,186,1
12,618,1
364,360,1
90,317,1
49,196,1
292,328,1
93,103,1
136,568,1
65,333,1
518,164,1
20,238,1
336,303,1
265,312,1
56,383,1
507,118,1
12,548,1
434,350,1
85,292,1
248,343,1
505,325,1
141,51,1
345,580,1
264,14,1
340,248,1
543,357,1
518,430,1
230,26,1
494,358,1
299,538,1
151,87,1
229,597,1
15,43,1
89,601,1
345,56,1
555,494,1
70,181,1
490,33,1
31,543,1
116,616,1
518,448,1
55,252,1
465,419,1
265,302,1
334,75,1
389,531,1
441,137,1
429,220,1
611,505,1
518,357,1
253,148,1
248,242,1
16,237,1
182,195,1
550,88,1
524,313,1
3,185,1
550,505,1
67,70,1
543,524,1
265,350,1
526,388,1
245,322,1
39,509,1
363,388,1
237,75,1
397,261,1
517,403,1
327,480,1
611,275,1
265,62,1
90,195,1
114,184,1
116,372,1
35,56,1
87,597,1
265,361,1
418,138,1
198,580,1
357,448,1
9,107,1
317,446,1
253,146,1
132,198,1
203,435,1
82,409,1
383,442,1
434,317,1
597,413,1
164,307,1
195,217,1
572,19,1
70,68,1
11,264,1
131,128,1
90,87,1
441,152,1
340,616,1
535,497,1
0,132,1
340,198,1
611,343,1
288,208,1
186,202,1
232,134,1
265,570,1
54,536,1
555,598,1
357,504,1
343,419,1
258,235,1
81,563,1
288,323,1
352,385,1
611,62,1
288,419,1
288,616,1
282,341,1
593,558,1
432,198,1
186,459,1
114,201,1
270,187,1
227,135,1
343,372,1
601,217,1
70,50,1
343,202,1
185,538,1
519,584,1
305,583,1
603,361,1
154,214,1
368,262,1
469,290,1
518,335,1
270,420,1
229,576,1
526,519,1
397,133,1
56,130,1
393,415,1
212,485,1
87,479,1
494,319,1
48,164,1
67,253,1
2,345,1
56,584,1
434,340,1
184,251,1
450,449,1
425,387,1
125,423,1
3,377,1
7,444,1
516,119,1
508,328,1
611,324,1
357,165,1
90,340,1
501,126,1
478,362,1
158,223,1
237,613,1
545,311,1
434,323,1
163,478,1
555,358,1
434,597,1
67,445,1
374,353,1
179,596,1
0,555,1
352,13,1
265,345,1
65,240,1
518,118,1
352,526,1
265,375,1
87,375,1
521,218,1
151,89,1
265,309,1
265,172,1
364,397,1
229,436,1
9,206,1
536,302,1
570,505,1
42,467,1
439,60,1
6,486,1
248,181,1
611,426,1
165,165,1
265,397,1
82,261,1
360,298,1
377,356,1
265,116,1
265,341,1
10,393,1
340,130,1
265,242,1
611,317,1
67,498,1
518,414,1
265,97,1
227,453,1
408,143,1
215,405,1
498,526,1
67,440,1
434,67,1
238,449,1
222,522,1
117,274,1
491,179,1
98,74,1
439,217,1
265,121,1
265,59,1
35,87,1
182,87,1
230,108,1
58,87,1
208,601,1
448,297,1
131,87,1
429,163,1
9,317,1
90,550,1
265,464,1
434,9,1
70,599,1
224,388,1
498,242,1
254,34,1
266,62,1
463,268,1
505,469,1
611,436,1
559,522,1
90,479,1
491,164,1
163,561,1
235,354,1
374,382,1
35,536,1
77,379,1
25,363,1
522,149,1
578,588,1
229,445,1
249,67,1
285,62,1
87,338,1
104,469,1
404,386,1
374,124,1
9,351,1
518,191,1
230,306,1
254,288,1
98,99,1
265,433,1
603,182,1
570,67,1
498,563,1
67,469,1
518,123,1
516,545,1
235,578,1
307,292,1
518,142,1
616,245,1
90,157,1
618,234,1
58,601,1
253,354,1
35,439,1
292,612,1
583,106,1
289,510,1
518,595,1
550,323,1
151,375,1
498,385,1
24,591,1
288,202,1
357,179,1
398,365,1
152,382,1
547,306,1
545,329,1
285,282,1
357,48,1
570,343,1
32,183,1
176,497,1
518,255,1
288,130,1
305,106,1
613,75,1
198,60,1
187,514,1
498,225,1
501,527,1
339,444,1
70,323,1
357,508,1
56,389,1
372,342,1
465,67,1
103,94,1
56,116,1
611,70,1
387,530,1
253,469,1
58,611,1
289,343,1
389,554,1
350,463,1
510,177,1
547,230,1
505,198,1
593,323,1
265,408,1
545,101,1
214,533,1
581,140,1
9,340,1
265,616,1
55,214,1
547,591,1
265,404,1
90,342,1
340,43,1
446,616,1
327,164,1
130,217,1
603,597,1
198,102,1
164,256,1
317,217,1
352,616,1
104,563,1
599,269,1
143,456,1
299,65,1
446,89,1
518,504,1
595,164,1
254,419,1
547,527,1
563,225,1
169,62,1
182,56,1
601,167,1
147,438,1
389,372,1
603,317,1
159,397,1
31,63,1
555,149,1
265,15,1
389,111,1
503,311,1
495,178,1
265,107,1
210,223,1
141,574,1
159,458,1
198,116,1
518,395,1
248,498,1
35,618,1
24,502,1
289,217,1
288,289,1
360,135,1
385,460,1
288,550,1
63,164,1
518,602,1
357,118,1
227,195,1
465,128,1
182,345,1
523,605,1
311,150,1
265,386,1
86,578,1
400,117,1
274,466,1
15,454,1
398,113,1
427,176,1
329,101,1
526,536,1
67,505,1
584,82,1
340,202,1
289,87,1
89,275,1
398,522,1
180,209,1
56,479,1
35,131,1
93,614,1
498,469,1
437,521,1
143,134,1
16,545,1
524,123,1
66,141,1
89,584,1
469,225,1
550,67,1
276,398,1
109,320,1
89,245,1
334,274,1
603,271,1
522,365,1
89,570,1
248,499,1
151,56,1
265,217,1
248,116,1
67,68,1
432,375,1
288,459,1
340,355,1
248,67,1
452,223,1
158,78,1
377,450,1
89,324,1
163,486,1
377,299,1
93,94,1
265,372,1
432,130,1
288,67,1
289,67,1
35,289,1
478,535,1
434,116,1
265,351,1
56,87,1
35,89,1
518,100,1
22,104,1
498,253,1
70,505,1
35,195,1
257,616,1
518,307,1
518,596,1
570,155,1
67,410,1
352,224,1
56,617,1
115,145,1
229,217,1
485,174,1
355,130,1
56,235,1
317,576,1
75,75,1
119,117,1
531,436,1
87,198,1
357,430,1
182,463,1
23,257,1
611,458,1
518,327,1
119,274,1
321,404,1
67,50,1
14,326,1
185,240,1
254,89,1
229,136,1
611,90,1
276,494,1
459,426,1
230,527,1
608,240,1
518,199,1
193,433,1
258,181,1
89,300,1
253,323,1
90,130,1
334,237,1
187,420,1
340,498,1
107,498,1
265,338,1
324,422,1
584,576,1
220,427,1
265,60,1
448,572,1
608,65,1
146,93,1
214,534,1
317,135,1
147,126,1
243,521,1
46,86,1
289,56,1
198,245,1
128,419,1
363,181,1
548,219,1
434,41,1
265,549,1
275,584,1
299,575,1
67,146,1
380,145,1
180,496,1
49,512,1
56,60,1
558,136,1
436,575,1
288,89,1
230,438,1
217,350,1
237,274,1
526,403,1
526,181,1
434,275,1
9,189,1
0,276,1
16,117,1
340,323,1
9,15,1
545,284,1
238,325,1
260,294,1
30,126,1
577,554,1
363,235,1
248,505,1
171,459,1
182,89,1
500,513,1
369,304,1
357,596,1
113,358,1
288,536,1
340,342,1
45,461,1
317,89,1
264,57,1
9,89,1
41,193,1
182,557,1
419,155,1
216,101,1
329,152,1
154,78,1
363,224,1
265,320,1
229,554,1
131,510,1
90,601,1
28,147,1
449,193,1
261,436,1
31,524,1
43,360,1
70,383,1
0,603,1
524,428,1
491,79,1
224,443,1
518,457,1
171,202,1
210,154,1
175,576,1
488,596,1
380,174,1
143,580,1
56,359,1
121,553,1
179,164,1
593,67,1
56,597,1
576,361,1
611,169,1
265,2,1
389,177,1
374,84,1
385,571,1
601,589,1
319,149,1
398,194,1
288,576,1
171,406,1
31,507,1
340,87,1
93,567,1
343,536,1
550,46,1
499,468,1
265,476,1
469,563,1
288,248,1
340,68,1
90,434,1
375,120,1
603,446,1
556,556,1
429,535,1
9,465,1
593,505,1
465,70,1
90,275,1
254,340,1
67,198,1
265,4,1
89,432,1
611,166,1
357,572,1
386,298,1
290,225,1
518,315,1
142,596,1
601,247,1
340,351,1
288,350,1
449,62,1
227,23,1
603,576,1
340,39,1
228,392,1
352,470,1
47,500,1
40,352,1
524,488,1
441,353,1
261,451,1
119,545,1
550,238,1
611,32,1
27,424,1
50,171,1
563,134,1
151,195,1
550,474,1
198,217,1
131,217,1
317,70,1
265,32,1
182,90,1
229,396,1
608,377,1
516,374,1
374,144,1
389,60,1
555,565,1
16,400,1
608,538,1
543,164,1
50,544,1
141,280,1
389,451,1
119,613,1
229,505,1
507,546,1
516,237,1
56,102,1
524,165,1
445,250,1
518,573,1
257,195,1
182,317,1
448,585,1
288,351,1
276,149,1
265,44,1
35,615,1
210,252,1
128,404,1
265,432,1
265,90,1
451,554,1
245,509,1
485,241,1
7,293,1
128,576,1
31,488,1
90,413,1
289,325,1
595,421,1
151,229,1
143,184,1
8,369,1
35,389,1
40,484,1
451,111,1
524,307,1
611,116,1
611,340,1
7,305,1
182,456,1
611,41,1
363,526,1
9,131,1
516,334,1
424,164,1
58,35,1
292,123,1
230,502,1
537,96,1
324,372,1
9,229,1
357,532,1
432,386,1
456,268,1
379,96,1
434,70,1
446,116,1
518,139,1
240,563,1
593,340,1
182,350,1
338,607,1
485,380,1
151,580,1
43,102,1
265,340,1
265,611,1
400,545,1
441,311,1
23,54,1
58,265,1
265,175,1
488,347,1
601,616,1
23,157,1
9,446,1
24,230,1
359,135,1
182,473,1
311,263,1
360,404,1
518,85,1
317,505,1
169,282,1
424,118,1
192,371,1
518,566,1
317,340,1
70,439,1
400,466,1
95,492,1
502,213,1
248,381,1
265,439,1
441,220,1
265,9,1
613,466,1
461,574,1
518,292,1
545,274,1
611,446,1
340,195,1
478,497,1
29,49,1
265,257,1
613,311,1
265,261,1
90,35,1
265,343,1
264,174,1
265,143,1
223,542,1
454,432,1
485,525,1
67,351,1
374,274,1
399,197,1
265,148,1
317,584,1
524,541,1
113,494,1
432,364,1
142,524,1
237,374,1
265,159,1
254,70,1
9,288,1
90,116,1
40,538,1
498,337,1
41,594,1
591,147,1
251,560,1
552,181,1
179,605,1
357,395,1
105,521,1
434,88,1
107,416,1
517,181,1
552,224,1
7,35,1
89,217,1
0,398,1
89,419,1
450,65,1
95,523,1
559,319,1
151,601,1
498,232,1
158,154,1
340,570,1
450,538,1
518,38,1
253,232,1
193,62,1
265,436,1
603,56,1
243,116,1
432,159,1
230,28,1
265,88,1
265,248,1
516,21,1
360,568,1
330,436,1
87,580,1
56,577,1
265,346,1
162,610,1
465,372,1
158,252,1
227,577,1
88,460,1
345,451,1
570,70,1
505,592,1
55,154,1
90,505,1
518,316,1
611,172,1
331,154,1
195,597,1
289,122,1
179,123,1
340,189,1
265,182,1
265,454,1
24,306,1
230,501,1
147,279,1
265,120,1
362,176,1
46,110,1
67,291,1
340,568,1
229,70,1
550,361,1
229,440,1
502,126,1
265,601,1
265,300,1
90,206,1
340,473,1
87,616,1
210,78,1
552,235,1
518,179,1
67,325,1
334,374,1
545,382,1
494,598,1
368,476,1
182,389,1
217,510,1
4,287,1
498,290,1
424,348,1
35,243,1
518,79,1
12,310,1
437,78,1
288,570,1
180,331,1
555,202,1
265,254,1
429,362,1
265,161,1
104,253,1
508,395,1
265,322,1
276,555,1
254,570,1
117,75,1
163,535,1
516,466,1
374,613,1
603,340,1
289,229,1
265,233,1
6,429,1
518,313,1
611,248,1
189,67,1
618,471,1
437,252,1
56,217,1
446,389,1
547,501,1
147,108,1
103,567,1
317,229,1
491,579,1
90,217,1
285,193,1
456,251,1
193,273,1
440,250,1
151,289,1
229,67,1
599,172,1
171,82,1
70,275,1
101,311,1
450,240,1
16,466,1
67,578,1
501,279,1
182,116,1
182,50,1
164,176,1
505,146,1
364,282,1
265,317,1
389,136,1
498,323,1
179,292,1
265,458,1
265,360,1
134,456,1
113,319,1
518,127,1
265,155,1
518,424,1
317,46,1
87,439,1
198,68,1
113,222,1
131,597,1
611,245,1
603,151,1
498,474,1
288,157,1
418,440,1
0,58,1
176,301,1
454,389,1
616,361,1
526,558,1
43,39,1
352,434,1
159,360,1
446,404,1
474,529,1
90,229,1
125,308,1
385,587,1
157,510,1
62,392,1
9,593,1
329,311,1
50,562,1
611,87,1
217,404,1
264,145,1
557,151,1
364,458,1
212,174,1
518,579,1
41,62,1
52,113,1
41,282,1
276,113,1
107,291,1
352,244,1
56,505,1
98,216,1
611,151,1
289,505,1
343,342,1
596,328,1
404,458,1
488,164,1
505,599,1
55,158,1
31,41,1
611,361,1
41,321,1
88,474,1
58,350,1
155,576,1
180,520,1
516,117,1
518,348,1
202,426,1
67,389,1
408,418,1
89,597,1
89,136,1
271,482,1
408,581,1
229,43,1
199,566,1
224,262,1
352,235,1
22,420,1
377,563,1
611,182,1
331,78,1
265,67,1
193,282,1
265,288,1
393,618,1
264,525,1
345,203,1
114,200,1
131,122,1
340,70,1
374,284,1
154,452,1
229,509,1
374,329,1
524,457,1
518,532,1
43,577,1
400,75,1
524,45,1
518,297,1
345,391,1
7,339,1
3,40,1
23,67,1
343,459,1
217,413,1
55,210,1
15,56,1
11,174,1
230,279,1
151,597,1
360,275,0
492,431,0
565,271,0
142,354,0
410,397,0
22,401,0
490,277,0
147,432,0
11,508,0
479,533,0
125,121,0
607,44,0
497,29,0
19,139,0
582,216,0
204,450,0
91,393,0
244,486,0
33,568,0
122,380,0
408,594,0
454,561,0
191,596,0
475,126,0
342,240,0
462,156,0
587,187,0
486,284,0
518,353,0
344,200,0
517,128,0
225,365,0
526,442,0
198,82,0
211,201,0
437,513,0
479,101,0
520,398,0
138,482,0
49,404,0
559,475,0
573,144,0
28,430,0
82,172,0
310,408,0
422,506,0
266,487,0
335,92,0
438,221,0
74,582,0
285,91,0
469,437,0
317,425,0
327,618,0
32,212,0
488,163,0
437,526,0
523,120,0
300,228,0
223,273,0
616,613,0
45,532,0
141,469,0
531,17,0
287,294,0
159,145,0
37,119,0
503,592,0
5,315,0
519,127,0
109,0,0
385,572,0
181,433,0
244,44,0
293,574,0
427,574,0
325,563,0
378,160,0
402,517,0
464,349,0
519,19,0
197,233,0
605,473,0
221,218,0
4,449,0
317,42,0
303,107,0
89,263,0
324,166,0
108,133,0
410,89,0
321,426,0
261,146,0
567,338,0
0,456,0
411,90,0
93,418,0
67,137,0
600,371,0
137,52,0
308,199,0
453,437,0
38,195,0
285,215,0
416,406,0
368,515,0
579,24,0
497,71,0
179,170,0
49,469,0
22,515,0
251,195,0
102,215,0
403,63,0
551,572,0
136,213,0
549,382,0
494,446,0
342,318,0
392,584,0
190,449,0
324,300,0
237,152,0
153,418,0
515,245,0
263,555,0
298,18,0
196,236,0
34,323,0
387,361,0
442,413,0
488,529,0
272,496,0
580,383,0
353,75,0
51,2,0
471,67,0
514,523,0
512,104,0
536,461,0
161,255,0
555,560,0
320,428,0
132,228,0
178,573,0
223,495,0
110,438,0
351,272,0
258,44,0
120,110,0
355,13,0
108,221,0
570,166,0
467,339,0
89,387,0
108,257,0
278,143,0
353,582,0
126,274,0
156,562,0
277,443,0
464,535,0
129,465,0
551,274,0
421,573,0
417,194,0
579,521,0
262,436,0
353,29,0
139,185,0
59,113,0
49,557,0
606,511,0
308,408,0
39,283,0
445,413,0
484,490,0
315,303,0
415,390,0
227,190,0
38,440,0
349,36,0
259,408,0
445,269,0
372,56,0
209,178,0
86,601,0
276,353,0
274,14,0
300,152,0
593,554,0
217,383,0
555,33,0
284,64,0
409,324,0
584,176,0
609,269,0
467,414,0
566,307,0
382,226,0
114,146,0
174,197,0
118,116,0
271,395,0
197,409,0
108,597,0
178,432,0
486,548,0
293,4,0
223,583,0
535,32,0
368,449,0
249,83,0
266,401,0
43,472,0
404,222,0
234,305,0
411,1,0
342,167,0
120,54,0
319,263,0
196,458,0
311,408,0
450,603,0
393,69,0
531,39,0
426,511,0
579,344,0
216,292,0
556,477,0
440,265,0
198,94,0
378,61,0
334,549,0
81,103,0
129,0,0
79,408,0
298,446,0
259,375,0
219,302,0
230,577,0
90,188,0
290,362,0
303,152,0
328,474,0
319,505,0
588,550,0
353,418,0
320,470,0
381,71,0
167,148,0
298,302,0
465,479,0
148,543,0
308,532,0
270,240,0
121,297,0
469,220,0
468,341,0
78,335,0
105,438,0
453,361,0
239,23,0
188,472,0
355,320,0
30,523,0
338,496,0
77,375,0
29,564,0
179,359,0
463,267,0
93,319,0
206,196,0
366,334,0
147,555,0
269,252,0
99,106,0
255,619,0
611,546,0
161,575,0
81,466,0
99,600,0
255,210,0
367,42,0
432,400,0
169,435,0
502,495,0
585,121,0
375,540,0
202,203,0
281,118,0
382,170,0
420,462,0
127,554,0
302,555,0
37,517,0
76,508,0
519,440,0
559,104,0
92,489,0
110,506,0
372,363,0
596,516,0
21,285,0
294,443,0
246,403,0
576,278,0
608,81,0
577,502,0
588,517,0
611,500,0
224,356,0
546,556,0
59,554,0
328,562,0
294,191,0
175,585,0
464,459,0
450,295,0
154,418,0
201,350,0
424,13,0
182,71,0
410,78,0
165,427,0
433,327,0
568,143,0
122,614,0
581,82,0
47,291,0
435,287,0
342,474,0
428,248,0
199,16,0
14,379,0
419,19,0
40,517,0
20,459,0
361,343,0
230,534,0
593,357,0
52,527,0
354,569,0
565,374,0
427,144,0
201,592,0
405,13,0
370,284,0
239,618,0
411,56,0
167,370,0
153,286,0
507,518,0
573,463,0
160,590,0
221,606,0
111,554,0
468,154,0
554,77,0
40,121,0
488,397,0
468,190,0
568,277,0
104,551,0
595,114,0
587,110,0
589,565,0
41,351,0
569,470,0
381,270,0
303,616,0
614,249,0
483,583,0
271,404,0
316,555,0
194,71,0
461,6,0
465,534,0
370,562,0
566,208,0
175,323,0
495,413,0
322,113,0
442,29,0
599,470,0
289,573,0
128,476,0
420,504,0
298,249,0
213,556,0
347,556,0
274,157,0
548,51,0
183,304,0
517,558,0
69,53,0
295,216,0
301,296,0
520,334,0
391,598,0
410,431,0
134,384,0
438,121,0
368,471,0
541,542,0
617,272,0
144,577,0
500,361,0
242,331,0
338,564,0
90,462,0
444,465,0
29,223,0
9,16,0
483,393,0
34,338,0
201,186,0
221,164,0
252,151,0
405,101,0
583,516,0
121,342,0
524,201,0
165,348,0
575,103,0
285,184,0
76,190,0
128,466,0
428,578,0
231,478,0
406,330,0
585,418,0
550,460,0
605,167,0
468,278,0
71,462,0
262,438,0
537,377,0
584,309,0
201,428,0
494,415,0
595,467,0
42,520,0
614,337,0
574,35,0
510,545,0
563,371,0
39,514,0
126,24,0
332,358,0
169,480,0
171,32,0
477,367,0
447,461,0
487,268,0
603,34,0
353,188,0
551,518,0
574,156,0
130,116,0
591,245,0
105,617,0
214,258,0
370,97,0
31,402,0
400,385,0
228,13,0
312,272,0
540,279,0
374,67,0
527,80,0
97,612,0
220,274,0
482,194,0
378,482,0
400,241,0
529,391,0
404,476,0
223,464,0
429,569,0
182,283,0
162,454,0
143,175,0
342,421,0
286,111,0
168,384,0
148,555,0
584,299,0
47,323,0
300,540,0
550,306,0
320,518,0
53,174,0
304,430,0
181,588,0
59,599,0
120,429,0
230,72,0
246,425,0
305,102,0
1,248,0
345,403,0
371,312,0
503,351,0
451,161,0
320,495,0
232,382,0
378,207,0
587,466,0
573,531,0
565,527,0
105,54,0
244,212,0
355,345,0
591,176,0
266,416,0
312,383,0
287,210,0
79,410,0
213,261,0
277,245,0
126,341,0
594,446,0
291,445,0
319,98,0
571,499,0
280,292,0
111,334,0
317,439,0
336,452,0
594,567,0
12,248,0
177,544,0
64,258,0
63,150,0
336,308,0
549,452,0
595,568,0
46,246,0
119,230,0
398,139,0
295,392,0
242,157,0
591,45,0
116,17,0
413,569,0
292,279,0
229,339,0
325,47,0
351,185,0
100,603,0
256,176,0
321,571,0
224,489,0
111,203,0
103,348,0
356,528,0
359,570,0
220,375,0
15,500,0
112,24,0
600,107,0
310,39,0
403,87,0
244,179,0
583,319,0
122,73,0
132,383,0
78,412,0
112,325,0
481,271,0
152,361,0
253,35,0
473,38,0
464,484,0
612,611,0
48,160,0
305,576,0
42,611,0
243,335,0
117,116,0
524,125,0
363,28,0
541,443,0
178,391,0
190,365,0
519,275,0
290,452,0
117,381,0
254,386,0
244,601,0
253,12,0
280,115,0
103,482,0
88,439,0
421,499,0
239,113,0
581,228,0
607,100,0
150,270,0
428,394,0
84,590,0
445,303,0
500,10,0
349,515,0
438,35,0
329,128,0
198,462,0
274,192,0
171,594,0
159,211,0
271,452,0
430,296,0
498,85,0
353,341,0
42,336,0
376,181,0
131,413,0
577,579,0
607,113,0
577,350,0
544,173,0
442,162,0
552,442,0
77,298,0
356,616,0
297,338,0
431,152,0
265,614,0
152,328,0
338,455,0
204,375,0
156,298,0
81,533,0
604,345,0
515,416,0
365,328,0
351,430,0
171,54,0
254,497,0
495,523,0
78,271,0
526,547,0
305,399,0
312,29,0
211,126,0
47,283,0
472,167,0
464,163,0
302,393,0
564,250,0
176,25,0
379,613,0
373,453,0
401,143,0
359,226,0
259,59,0
117,204,0
509,579,0
411,156,0
197,83,0
607,67,0
357,72,0
74,507,0
294,281,0
243,544,0
484,527,0
431,106,0
53,569,0
264,523,0
248,515,0
377,171,0
140,344,0
569,341,0
440,456,0
192,391,0
483,9,0
432,601,0
145,279,0
121,596,0
490,542,0
113,592,0
419,518,0
447,208,0
74,520,0
148,469,0
448,581,0
111,258,0
549,111,0
426,535,0
312,284,0
237,519,0
387,198,0
564,505,0
251,539,0
585,564,0
179,550,0
329,229,0
501,570,0
547,537,0
381,10,0
576,106,0
168,540,0
127,359,0
436,211,0
146,229,0
273,333,0
501,197,0
304,177,0
492,493,0
497,428,0
400,495,0
310,601,0
205,256,0
512,327,0
210,105,0
57,12,0
369,507,0
119,252,0
528,42,0
285,284,0
410,544,0
105,619,0
339,520,0
287,330,0
154,66,0
489,56,0
90,310,0
101,319,0
81,490,0
262,273,0
188,473,0
173,573,0
48,84,0
301,121,0
492,326,0
190,253,0
115,110,0
239,554,0
417,152,0
554,566,0
177,579,0
554,157,0
202,263,0
491,137,0
5,472,0
355,213,0
340,313,0
57,519,0
338,389,0
123,464,0
96,138,0
13,598,0
273,408,0
485,444,0
138,220,0
505,422,0
150,194,0
563,363,0
429,283,0
5,364,0
543,305,0
107,3,0
446,601,0
133,141,0
568,69,0
222,478,0
264,215,0
471,136,0
417,165,0
207,355,0
557,59,0
368,309,0
553,583,0
306,297,0
325,347,0
550,285,0
152,504,0
514,219,0
245,94,0
74,212,0
517,144,0
583,318,0
193,312,0
588,433,0
583,89,0
472,487,0
55,198,0
337,33,0
138,498,0
200,293,0
320,209,0
81,601,0
286,332,0
83,418,0
277,512,0
507,300,0
39,460,0
138,619,0
556,49,0
548,108,0
571,357,0
434,617,0
24,453,0
572,587,0
380,237,0
351,210,0
68,230,0
310,172,0
550,419,0
79,425,0
582,222,0
191,337,0
386,396,0
208,246,0
402,111,0
363,40,0
218,439,0
105,419,0
28,315,0
274,227,0
185,118,0
531,154,0
293,325,0
201,99,0
301,186,0
111,205,0
336,552,0
148,501,0
194,468,0
443,306,0
276,278,0
213,338,0
582,55,0
62,434,0
458,25,0
224,612,0
45,381,0
164,481,0
341,114,0
499,322,0
50,316,0
54,466,0
534,20,0
617,54,0
541,324,0
123,156,0
54,322,0
194,445,0
303,123,0
409,141,0
195,181,0
590,36,0
532,211,0
426,50,0
3,361,0
324,38,0
30,494,0
187,334,0
180,295,0
609,292,0
503,45,0
186,109,0
532,188,0
533,153,0
67,503,0
579,40,0
434,296,0
586,573,0
47,524,0
395,484,0
147,611,0
328,314,0
226,532,0
185,494,0
49,341,0
42,73,0
2,0,0
535,91,0
400,46,0
226,159,0
505,477,0
343,415,0
160,293,0
165,408,0
602,37,0
300,309,0
345,231,0
232,174,0
83,460,0
284,221,0
577,437,0
591,112,0
278,555,0
376,569,0
134,398,0
46,434,0
440,324,0
345,352,0
217,432,0
73,158,0
139,103,0
351,517,0
59,525,0
370,121,0
355,258,0
514,431,0
32,391,0
540,532,0
367,232,0
393,370,0
252,394,0
259,290,0
324,270,0
63,86,0
425,93,0
570,38,0
541,389,0
482,74,0
434,263,0
137,156,0
432,73,0
531,232,0
70,511,0
614,495,0
602,112,0
141,540,0
221,11,0
613,386,0
22,439,0
505,444,0
136,461,0
128,457,0
328,402,0
392,423,0
249,603,0
430,386,0
336,342,0
153,257,0
346,572,0
180,360,0
252,528,0
398,582,0
526,359,0
311,434,0
73,413,0
300,312,0
162,82,0
267,135,0
178,206,0
190,409,0
38,577,0
59,371,0
499,606,0
246,197,0
574,291,0
266,175,0
178,291,0
420,233,0
128,470,0
586,265,0
564,363,0
294,502,0
206,389,0
308,28,0
601,281,0
613,484,0
201,576,0
208,206,0
379,582,0
27,14,0
273,155,0
257,476,0
528,561,0
45,413,0
478,560,0
49,154,0
249,328,0
282,96,0
614,606,0
57,423,0
139,47,0
70,213,0
336,332,0
468,259,0
260,193,0
491,391,0
462,593,0
20,397,0
554,447,0
181,85,0
117,595,0
203,598,0
29,73,0
344,48,0
139,204,0
365,516,0
258,161,0
438,357,0
570,247,0
112,601,0
283,74,0
521,391,0
20,109,0
193,180,0
299,427,0
200,76,0
393,62,0
554,424,0
582,77,0
39,243,0
328,117,0
204,167,0
34,430,0
249,318,0
314,298,0
8,112,0
132,407,0
133,143,0
372,425,0
518,479,0
385,178,0
549,466,0
86,296,0
351,487,0
196,284,0
229,232,0
301,486,0
535,424,0
615,496,0
401,344,0
543,248,0
467,518,0
198,244,0
304,411,0
47,569,0
120,181,0
66,210,0
322,136,0
206,333,0
511,560,0
7,389,0
336,70,0
470,299,0
291,184,0
431,307,0
483,354,0
264,50,0
310,17,0
533,211,0
210,195,0
544,220,0
391,127,0
133,506,0
519,312,0
392,357,0
49,134,0
48,547,0
91,100,0
94,285,0
362,185,0
91,365,0
116,538,0
603,247,0
467,243,0
119,54,0
159,127,0
128,548,0
538,532,0
500,11,0
582,309,0
246,131,0
345,253,0
339,322,0
58,80,0
536,378,0
598,173,0
266,603,0
422,213,0
346,483,0
286,203,0
49,605,0
66,20,0
42,337,0
458,315,0
500,397,0
35,297,0
86,528,0
252,560,0
100,54,0
307,612,0
128,152,0
306,387,0
619,618,0
250,343,0
208,526,0
20,475,0
46,613,0
239,104,0
75,347,0
597,343,0
461,153,0
616,176,0
382,9,0
258,239,0
541,182,0
204,268,0
215,277,0
482,361,0
6,252,0
138,179,0
58,70,0
375,500,0
326,495,0
441,445,0
167,242,0
387,245,0
320,155,0
164,316,0
430,323,0
465,164,0
261,514,0
57,226,0
273,344,0
347,150,0
446,272,0
339,60,0
598,549,0
164,28,0
223,114,0
313,273,0
257,521,0
513,69,0
479,305,0
281,320,0
548,584,0
234,245,0
5,156,0
607,490,0
464,298,0
80,186,0
4,313,0
532,432,0
119,34,0
115,409,0
499,255,0
211,117,0
9,19,0
256,268,0
173,270,0
292,456,0
462,229,0
587,489,0
254,200,0
70,379,0
372,192,0
218,542,0
107,37,0
352,213,0
258,206,0
364,187,0
61,415,0
308,63,0
97,108,0
265,595,0
38,553,0
124,476,0
218,254,0
10,225,0
511,98,0
133,561,0
195,127,0
433,444,0
556,106,0
375,94,0
31,284,0
405,382,0
471,556,0
67,472,0
503,279,0
235,199,0
615,420,0
298,484,0
346,152,0
56,84,0
98,50,0
536,312,0
32,370,0
501,440,0
521,269,0
123,259,0
464,409,0
265,199,0
431,231,0
597,300,0
400,509,0
45,52,0
124,345,0
423,492,0
209,569,0
605,160,0
502,376,0
214,238,0
424,493,0
333,46,0
378,197,0
511,232,0
120,576,0
120,347,0
403,290,0
6,474,0
605,245,0
429,19,0
513,278,0
539,416,0
31,9,0
580,188,0
545,230,0
612,140,0
604,136,0
200,232,0
485,301,0
418,311,0
28,205,0
494,529,0
536,266,0
5,221,0
549,56,0
199,123,0
508,469,0
407,237,0
539,393,0
250,290,0
458,468,0
88,148,0
562,296,0
5,113,0
245,360,0
128,449,0
401,464,0
48,605,0
530,465,0
486,13,0
375,591,0
64,140,0
418,409,0
424,303,0
63,32,0
339,344,0
210,230,0
524,426,0
562,538,0
499,598,0
433,244,0
277,405,0
551,7,0
362,220,0
39,124,0
86,56,0
333,13,0
104,190,0
545,341,0
162,460,0
436,434,0
171,545,0
110,269,0
176,71,0
487,372,0
113,131,0
106,6,0
430,103,0
316,230,0
327,239,0
387,290,0
567,486,0
108,317,0
462,549,0
173,446,0
577,121,0
523,150,0
1,74,0
244,326,0
226,49,0
72,399,0
482,383,0
468,107,0
211,414,0
485,425,0
142,580,0
417,290,0
30,518,0
251,114,0
494,509,0
601,492,0
161,40,0
549,36,0
373,368,0
500,409,0
309,469,0
349,276,0
616,211,0
582,69,0
10,401,0
529,63,0
498,484,0
134,324,0
118,608,0
185,518,0
29,307,0
376,351,0
348,23,0
364,376,0
83,363,0
104,157,0
88,69,0
440,371,0
613,299,0
19,463,0
32,582,0
229,44,0
30,472,0
290,468,0
398,1,0
524,226,0
288,215,0
69,585,0
325,282,0
109,249,0
202,211,0
589,99,0
190,502,0
567,309,0
14,505,0
438,424,0
558,111,0
54,169,0
144,471,0
50,464,0
320,59,0
594,33,0
544,441,0
221,611,0
402,357,0
31,450,0
550,112,0
575,285,0
362,586,0
308,615,0
461,528,0
507,415,0
164,570,0
86,13,0
111,186,0
186,100,0
68,224,0
195,185,0
33,123,0
362,33,0
89,512,0
377,570,0
404,295,0
317,147,0
391,96,0
343,285,0
54,182,0
327,340,0
157,423,0
466,126,0
453,156,0
524,216,0
608,475,0
496,383,0
251,323,0
364,343,0
368,499,0
554,360,0
7,456,0
41,369,0
283,131,0
74,137,0
213,332,0
262,453,0
490,460,0
138,423,0
180,11,0
416,367,0
333,369,0
20,287,0
486,611,0
537,284,0
593,185,0
448,584,0
34,78,0
214,8,0
130,311,0
495,552,0
478,54,0
616,433,0
515,530,0
199,410,0
298,532,0
326,451,0
8,290,0
589,452,0
301,134,0
325,491,0
458,117,0
544,120,0
549,235,0
112,383,0
158,350,0
58,3,0
234,345,0
376,20,0
113,55,0
472,173,0
404,118,0
381,543,0
173,514,0
584,85,0
86,366,0
204,587,0
105,236,0
333,588,0
148,197,0
259,559,0
216,597,0
174,600,0
39,555,0
113,441,0
568,347,0
190,315,0
322,62,0
247,297,0
607,603,0
311,461,0
120,601,0
400,246,0
261,51,0
47,616,0
136,465,0
463,451,0
550,190,0
519,611,0
177,353,0
471,571,0
68,266,0
11,406,0
588,567,0
317,598,0
103,409,0
283,376,0
516,169,0
158,461,0
125,284,0
438,515,0
189,448,0
72,12,0
325,229,0
465,352,0
282,496,0
417,312,0
428,321,0
235,155,0
247,395,0
52,70,0
203,468,0
446,375,0
438,371,0
215,442,0
274,528,0
285,12,0
220,557,0
391,30,0
233,496,0
43,515,0
279,234,0
142,494,0
567,112,0
302,595,0
34,552,0
277,44,0
106,391,0
149,618,0
79,65,0
505,402,0
142,350,0
363,89,0
41,38,0
431,452,0
230,90,0
20,509,0
160,254,0
179,389,0
225,505,0
355,471,0
121,304,0
183,99,0
24,600,0
0,14,0
184,589,0
509,120,0
145,252,0
479,277,0
444,404,0
327,264,0
609,328,0
588,305,0
548,232,0
413,44,0
55,70,0
564,213,0
579,76,0
288,129,0
261,175,0
540,493,0
268,34,0
10,413,0
43,361,0
291,283,0
560,99,0
193,534,0
241,53,0
397,566,0
104,313,0
263,486,0
383,402,0
309,602,0
328,615,0
72,509,0
288,21,0
447,423,0
615,379,0
225,230,0
112,173,0
539,277,0
465,211,0
377,327,0
27,214,0
335,101,0
422,106,0
412,321,0
69,476,0
435,533,0
342,491,0
436,269,0
232,619,0
79,526,0
319,358,0
60,512,0
142,173,0
400,468,0
172,195,0
441,240,0
334,114,0
614,168,0
419,72,0
301,611,0
283,68,0
569,245,0
532,214,0
479,244,0
475,619,0
101,292,0
88,359,0
381,575,0
327,195,0
492,528,0
183,596,0
303,103,0
381,431,0
106,83,0
52,112,0
585,612,0
81,584,0
290,169,0
530,267,0
187,193,0
277,495,0
453,312,0
548,55,0
153,545,0
201,213,0
100,310,0
617,191,0
39,214,0
539,617,0
273,381,0
291,515,0
500,280,0
367,16,0
511,289,0
228,495,0
544,57,0
226,162,0
125,375,0
244,295,0
611,497,0
398,353,0
26,481,0
401,544,0
615,238,0
105,402,0
535,215,0
319,96,0
585,481,0
571,317,0
425,83,0
461,265,0
153,149,0
274,30,0
45,207,0
144,329,0
2,16,0
124,127,0
261,361,0
44,363,0
258,472,0
327,77,0
305,404,0
331,47,0
263,178,0
593,53,0
283,156,0
290,15,0
376,55,0
605,27,0
296,211,0
151,610,0
314,79,0
274,43,0
280,123,0
512,100,0
552,136,0
618,118,0
121,215,0
26,206,0
63,619,0
408,128,0
303,600,0
354,157,0
48,230,0
442,157,0
602,524,0
279,508,0
70,514,0
432,521,0
420,367,0
278,283,0
251,37,0
590,405,0
616,314,0
91,578,0
177,352,0
444,616,0
577,322,0
538,251,0
275,286,0
388,163,0
562,199,0
575,254,0
103,444,0
90,325,0
514,15,0
411,560,0
164,274,0
504,230,0
290,270,0
449,294,0
260,507,0
166,500,0
199,497,0
6,102,0
421,52,0
238,345,0
587,84,0
518,250,0
367,346,0
353,182,0
610,598,0
315,564,0
578,565,0
150,353,0
538,349,0
79,329,0
221,4,0
76,174,0
240,282,0
95,538,0
348,489,0
376,408,0
323,316,0
291,449,0
463,561,0
262,13,0
145,251,0
95,430,0
244,144,0
349,575,0
135,237,0
425,76,0
477,86,0
71,567,0
261,53,0
548,146,0
207,82,0
397,359,0
242,305,0
260,353,0
374,375,0
361,405,0
541,372,0
439,590,0
494,111,0
137,139,0
600,49,0
343,244,0
449,225,0
360,67,0
391,549,0
285,302,0
359,188,0
42,23,0
556,473,0
510,277,0
407,493,0
237,347,0
3,180,0
382,585,0
375,317,0
27,128,0
547,280,0
273,40,0
357,119,0
399,530,0
276,87,0
287,325,0
277,540,0
105,205,0
264,341,0
425,295,0
1,376,0
304,5,0
522,493,0
20,246,0
46,384,0
28,595,0
472,492,0
310,164,0
222,51,0
466,39,0
342,418,0
39,609,0
487,507,0
308,96,0
439,436,0
256,314,0
549,338,0
206,493,0
51,619,0
506,605,0
159,418,0
44,431,0
24,602,0
191,221,0
297,617,0
372,153,0
612,134,0
360,407,0
347,245,0
103,522,0
41,547,0
522,591,0
427,582,0
247,243,0
285,269,0
43,327,0
42,219,0
401,566,0
587,427,0
582,83,0
434,105,0
96,604,0
370,578,0
524,407,0
99,609,0
437,259,0
481,36,0
318,424,0
200,23,0
16,202,0
143,306,0
594,178,0
237,435,0
87,527,0
585,395,0
354,611,0
151,511,0
17,59,0
66,589,0
619,127,0
436,271,0
70,559,0
359,433,0
300,118,0
305,462,0
238,292,0
82,124,0
216,124,0
490,98,0
415,333,0
333,380,0
306,17,0
143,139,0
536,479,0
254,501,0
304,93,0
14,25,0
146,181,0
507,452,0
458,416,0
609,585,0
208,12,0
291,275,0
317,413,0
140,371,0
62,43,0
200,422,0
11,486,0
7,107,0
198,312,0
103,489,0
411,605,0
187,568,0
431,25,0
119,433,0
387,513,0
387,104,0
277,232,0
14,267,0
369,315,0
328,463,0
349,257,0
536,83,0
16,313,0
329,544,0
552,27,0
384,71,0
481,412,0
385,295,0
232,202,0
518,416,0
90,118,0
553,28,0
52,500,0
116,521,0
544,553,0
442,542,0
368,513,0
440,352,0
580,512,0
272,396,0
299,233,0
116,148,0
570,318,0
459,78,0
274,441,0
27,304,0
63,523,0
243,453,0
280,112,0
179,554,0
580,260,0
511,389,0
470,357,0
88,63,0
232,565,0
79,243,0
482,102,0
135,403,0
545,158,0
147,377,0
449,270,0
174,480,0
594,279,0
212,363,0
157,427,0
370,391,0
136,224,0
489,528,0
476,0,0
247,177,0
524,485,0
88,449,0
261,340,0
265,81,0
483,569,0
492,245,0
5,535,0
504,484,0
263,278,0
297,191,0
209,307,0
604,162,0
489,361,0
82,611,0
184,250,0
197,332,0
111,0,0
244,35,0
161,495,0
126,537,0
154,227,0
119,269,0
433,316,0
89,506,0
279,258,0
211,123,0
318,335,0
77,272,0
307,585,0
537,144,0
47,100,0
77,537,0
514,246,0
593,310,0
230,258,0
81,278,0
323,40,0
617,258,0
195,120,0
347,254,0
444,595,0
54,526,0
491,298,0
304,63,0
395,410,0
225,264,0
96,299,0
27,428,0
457,241,0
303,183,0
179,4,0
347,146,0
100,534,0
565,39,0
181,342,0
145,276,0
525,497,0
213,2,0
55,382,0
531,577,0
415,545,0
403,391,0
568,495,0
608,531,0
367,325,0
604,417,0
290,141,0
337,73,0
384,5,0
495,101,0
164,410,0
410,551,0
138,129,0
10,617,0
522,240,0
222,207,0
438,97,0
563,128,0
433,427,0
526,246,0
511,346,0
209,539,0
454,486,0
611,24,0
367,338,0
130,511,0
394,175,0
62,376,0
431,322,0
147,563,0
114,157,0
67,311,0
523,176,0
24,120,0
369,383,0
405,77,0
172,363,0
220,260,0
433,404,0
104,85,0
297,400,0
296,435,0
562,554,0
610,73,0
331,392,0
358,495,0
514,599,0
194,14,0
